{"cameraMode":{"drawMode":0,"name":"Shaded","section":"Shading Mode"},"sceneLighting":true,"audioPlay":false,"sceneViewState":{"m_AlwaysRefresh":false,"showFog":true,"showSkybox":true,"showFlares":true,"showImageEffects":true,"showParticleSystems":true,"showVisualEffectGraphs":true,"m_FxEnabled":true},"in2DMode":false,"pivot":{"x":29.264101028442384,"y":0.7670948505401611,"z":9.136256217956543},"rotation":{"x":0.03704056516289711,"y":0.5239524245262146,"z":-0.022793401032686235,"w":0.8507655262947083},"size":20.51982879638672,"orthographic":false}